"","combine","coefficient","se","t","number"
"1","0",0,0,0,1
"2","win7_school_close",0.132571136388289,0.06020219706317,2.20209797740741,1
"3","win7_office_close",0.129993216149843,0.0546374521243559,2.37919615749972,1
"4","win7_school_close+win7_office_close",0.262564352538132,0.0809908847483281,3.24190004040612,2
"5","win7_shop_close",-0.226440896515127,0.0701467850945855,-3.22810084895261,1
"6","win7_school_close+win7_shop_close",-0.0938697601268382,0.0920273019805802,-1.02002077760192,2
"7","win7_office_close+win7_shop_close",-0.0964476803652846,0.0524540752771067,-1.83870709483995,2
"8","win7_school_close+win7_office_close+win7_shop_close",0.0361234560230045,0.0790559964223982,0.456935054363188,3
"9","win7_restaurant_close",0.00266244829318037,0.0737905569719214,0.0360811518768381,1
"10","win7_school_close+win7_restaurant_close",0.13523358468147,0.10355320573364,1.30593334820863,2
"11","win7_office_close+win7_restaurant_close",0.132655664443023,0.0848911922830175,1.56265521634758,2
"12","win7_school_close+win7_office_close+win7_restaurant_close",0.265226800831312,0.111510996557121,2.37848112760297,3
"13","win7_shop_close+win7_restaurant_close",-0.223778448221947,0.0911897184670108,-2.45398770808687,2
"14","win7_school_close+win7_shop_close+win7_restaurant_close",-0.0912073118336578,0.116266646950301,-0.784466691231277,3
"15","win7_office_close+win7_shop_close+win7_restaurant_close",-0.0937852320721043,0.0701615305030306,-1.3367044789317,3
"16","win7_school_close+win7_office_close+win7_shop_close+win7_restaurant_close",0.0387859043161849,0.100374182477089,0.3864131528547,4
"17","win7_bar_close",0.28635377515829,0.0722679307828855,3.96239067669701,1
"18","win7_school_close+win7_bar_close",0.41892491154658,0.083539766389692,5.01467659835677,2
"19","win7_office_close+win7_bar_close",0.416346991308133,0.100684871001801,4.1351494734565,2
"20","win7_school_close+win7_office_close+win7_bar_close",0.548918127696422,0.108828533500625,5.04388058939773,3
"21","win7_shop_close+win7_bar_close",0.059912878643163,0.097387991763567,0.615197803735558,2
"22","win7_school_close+win7_shop_close+win7_bar_close",0.192484015031452,0.105663655094981,1.82166720296045,3
"23","win7_office_close+win7_shop_close+win7_bar_close",0.189906094793006,0.0961499752895398,1.97510289754246,3
"24","win7_school_close+win7_office_close+win7_shop_close+win7_bar_close",0.322477231181295,0.104284095253843,3.09229543005899,4
"25","win7_restaurant_close+win7_bar_close",0.289016223451471,0.0623939474987623,4.63211954103728,2
"26","win7_school_close+win7_restaurant_close+win7_bar_close",0.42158735983976,0.0854585222288396,4.93323952771895,3
"27","win7_office_close+win7_restaurant_close+win7_bar_close",0.419009439601313,0.0870862283478409,4.81143169879514,3
"28","win7_school_close+win7_office_close+win7_restaurant_close+win7_bar_close",0.551580575989603,0.104614211325966,5.27252052085866,4
"29","win7_shop_close+win7_restaurant_close+win7_bar_close",0.0625753269363434,0.0781326999491207,0.80088525005653,3
"30","win7_school_close+win7_shop_close+win7_restaurant_close+win7_bar_close",0.195146463324633,0.0971546265387515,2.00861729674598,4
"31","win7_office_close+win7_shop_close+win7_restaurant_close+win7_bar_close",0.192568543086186,0.068127326853051,2.82659766618397,4
"32","win7_school_close+win7_office_close+win7_shop_close+win7_restaurant_close+win7_bar_close",0.325139679474475,0.0890258559471927,3.65219380386904,5
"33","win7_entertainment_close",0.0639951065923922,0.0916139996632378,0.698529775226828,1
"34","win7_school_close+win7_entertainment_close",0.196566242980681,0.107711011447895,1.82494101892052,2
"35","win7_office_close+win7_entertainment_close",0.193988322742235,0.0957674912819442,2.02561767198353,2
"36","win7_school_close+win7_office_close+win7_entertainment_close",0.326559459130524,0.11104016005803,2.94091308009518,3
"37","win7_shop_close+win7_entertainment_close",-0.162445789922735,0.122620029779769,-1.32479000547051,2
"38","win7_school_close+win7_shop_close+win7_entertainment_close",-0.029874653534446,0.13479004813231,-0.221638421741054,3
"39","win7_office_close+win7_shop_close+win7_entertainment_close",-0.0324525737728925,0.103245176811133,-0.314325325165146,3
"40","win7_school_close+win7_office_close+win7_shop_close+win7_entertainment_close",0.100118562615397,0.11722721362177,0.85405563710169,4
"41","win7_restaurant_close+win7_entertainment_close",0.0666575548855726,0.135548360595696,0.491762162173204,2
"42","win7_school_close+win7_restaurant_close+win7_entertainment_close",0.199228691273862,0.152432971175097,1.30699211422581,3
"43","win7_office_close+win7_restaurant_close+win7_entertainment_close",0.196650771035415,0.133894968414377,1.46869425613383,3
"44","win7_school_close+win7_office_close+win7_restaurant_close+win7_entertainment_close",0.329221907423704,0.150798816023923,2.18318628822308,4
"45","win7_shop_close+win7_restaurant_close+win7_entertainment_close",-0.159783341629555,0.151544883865596,-1.05436315336957,3
"46","win7_school_close+win7_shop_close+win7_restaurant_close+win7_entertainment_close",-0.0272122052412656,0.166590674368076,-0.163347710455516,4
"47","win7_office_close+win7_shop_close+win7_restaurant_close+win7_entertainment_close",-0.0297901254797121,0.131779982211913,-0.22605956519107,4
"48","win7_school_close+win7_office_close+win7_shop_close+win7_restaurant_close+win7_entertainment_close",0.102781010908577,0.148669204540781,0.69134028951089,5
"49","win7_bar_close+win7_entertainment_close",0.350348881750683,0.0830740255240983,4.21730955663214,2
"50","win7_school_close+win7_bar_close+win7_entertainment_close",0.482920018138972,0.0907841670512154,5.31942996036451,3
"51","win7_office_close+win7_bar_close+win7_entertainment_close",0.480342097900525,0.0980261160267414,4.90014413882815,3
"52","win7_school_close+win7_office_close+win7_bar_close+win7_entertainment_close",0.612913234288814,0.104400950187896,5.87076298813107,4
"53","win7_shop_close+win7_bar_close+win7_entertainment_close",0.123907985235555,0.113512273110307,1.09158227423695,3
"54","win7_school_close+win7_shop_close+win7_bar_close+win7_entertainment_close",0.256479121623844,0.118952325477729,2.15615054681603,4
"55","win7_office_close+win7_shop_close+win7_bar_close+win7_entertainment_close",0.253901201385398,0.102168827107919,2.48511418377357,4
"56","win7_school_close+win7_office_close+win7_shop_close+win7_bar_close+win7_entertainment_close",0.386472337773687,0.107949323892933,3.58012745088613,5
"57","win7_restaurant_close+win7_bar_close+win7_entertainment_close",0.353011330043863,0.100532737997508,3.51140670268637,3
"58","win7_school_close+win7_restaurant_close+win7_bar_close+win7_entertainment_close",0.485582466432152,0.11446055332705,4.2423564478558,4
"59","win7_office_close+win7_restaurant_close+win7_bar_close+win7_entertainment_close",0.483004546193706,0.107660922205552,4.48634970144069,4
"60","win7_school_close+win7_office_close+win7_restaurant_close+win7_bar_close+win7_entertainment_close",0.615575682581995,0.12056213640796,5.10587901743048,5
"61","win7_shop_close+win7_restaurant_close+win7_bar_close+win7_entertainment_close",0.126570433528736,0.118492703724434,1.06817069364108,4
"62","win7_school_close+win7_shop_close+win7_restaurant_close+win7_bar_close+win7_entertainment_close",0.259141569917025,0.130226940431201,1.98992289198355,5
"63","win7_office_close+win7_shop_close+win7_restaurant_close+win7_bar_close+win7_entertainment_close",0.256563649678578,0.101834036432962,2.51942924650224,5
"64","win7_school_close+win7_office_close+win7_shop_close+win7_restaurant_close+win7_bar_close+win7_entertainment_close",0.389134786066867,0.115059436209368,3.3820327900684,6
"65","win7_cultural_close",0.104187025231315,0.101990597510415,1.02153559028494,1
"66","win7_school_close+win7_cultural_close",0.236758161619604,0.1192498638731,1.98539565522315,2
"67","win7_office_close+win7_cultural_close",0.234180241381158,0.12706774779006,1.84295578897068,2
"68","win7_school_close+win7_office_close+win7_cultural_close",0.366751377769447,0.141119198864303,2.5988765576972,3
"69","win7_shop_close+win7_cultural_close",-0.122253871283812,0.0921066847027433,-1.32730725981902,2
"70","win7_school_close+win7_shop_close+win7_cultural_close",0.0103172651044767,0.110572319047934,0.0933078476901986,3
"71","win7_office_close+win7_shop_close+win7_cultural_close",0.00773934486603024,0.0952542875374474,0.0812493071557295,3
"72","win7_school_close+win7_office_close+win7_shop_close+win7_cultural_close",0.140310481254319,0.112986474294126,1.24183431805354,4
"73","win7_restaurant_close+win7_cultural_close",0.106849473524495,0.114374065706986,0.934210678478739,2
"74","win7_school_close+win7_restaurant_close+win7_cultural_close",0.239420609912784,0.13621229954678,1.75770184270738,3
"75","win7_office_close+win7_restaurant_close+win7_cultural_close",0.236842689674338,0.132671679376638,1.78517895293969,3
"76","win7_school_close+win7_office_close+win7_restaurant_close+win7_cultural_close",0.369413826062627,0.151736962723445,2.43456715774599,4
"77","win7_shop_close+win7_restaurant_close+win7_cultural_close",-0.119591422990632,0.0954616849291143,-1.2527688263562,3
"78","win7_school_close+win7_shop_close+win7_restaurant_close+win7_cultural_close",0.0129797133976571,0.120455158671048,0.107755562657997,4
"79","win7_office_close+win7_shop_close+win7_restaurant_close+win7_cultural_close",0.0104017931592106,0.0920808789662991,0.112963660599044,4
"80","win7_school_close+win7_office_close+win7_shop_close+win7_restaurant_close+win7_cultural_close",0.1429729295475,0.117581324786767,1.21594929982955,5
"81","win7_bar_close+win7_cultural_close",0.390540800389605,0.127361939202086,3.06638547462701,2
"82","win7_school_close+win7_bar_close+win7_cultural_close",0.523111936777894,0.134801505288735,3.88060901588173,3
"83","win7_office_close+win7_bar_close+win7_cultural_close",0.520534016539448,0.154579210631931,3.36742576450912,3
"84","win7_school_close+win7_office_close+win7_bar_close+win7_cultural_close",0.653105152927737,0.160608475295754,4.06644264398294,4
"85","win7_shop_close+win7_bar_close+win7_cultural_close",0.164099903874478,0.116806757530161,1.40488365009281,3
"86","win7_school_close+win7_shop_close+win7_bar_close+win7_cultural_close",0.296671040262767,0.124572666323672,2.38150991720718,4
"87","win7_office_close+win7_shop_close+win7_bar_close+win7_cultural_close",0.294093120024321,0.127134160580129,2.31325018140158,4
"88","win7_school_close+win7_office_close+win7_shop_close+win7_bar_close+win7_cultural_close",0.42666425641261,0.134117832830449,3.18126417202101,5
"89","win7_restaurant_close+win7_bar_close+win7_cultural_close",0.393203248682786,0.110116815472218,3.57078296349743,3
"90","win7_school_close+win7_restaurant_close+win7_bar_close+win7_cultural_close",0.525774385071075,0.125419340250178,4.19213164430858,4
"91","win7_office_close+win7_restaurant_close+win7_bar_close+win7_cultural_close",0.523196464832628,0.1362923288611,3.83878145750841,4
"92","win7_school_close+win7_office_close+win7_restaurant_close+win7_bar_close+win7_cultural_close",0.655767601220917,0.148761098651067,4.40819278136068,5
"93","win7_shop_close+win7_restaurant_close+win7_bar_close+win7_cultural_close",0.166762352167658,0.0865933894353186,1.92580927083611,4
"94","win7_school_close+win7_shop_close+win7_restaurant_close+win7_bar_close+win7_cultural_close",0.299333488555947,0.105008862828003,2.85055451982405,5
"95","win7_office_close+win7_shop_close+win7_restaurant_close+win7_bar_close+win7_cultural_close",0.296755568317501,0.093775840865148,3.16452047328739,5
"96","win7_school_close+win7_office_close+win7_shop_close+win7_restaurant_close+win7_bar_close+win7_cultural_close",0.42932670470579,0.110780513696868,3.87547132955682,6
"97","win7_entertainment_close+win7_cultural_close",0.168182131823707,0.103853070771837,1.61942377412411,2
"98","win7_school_close+win7_entertainment_close+win7_cultural_close",0.300753268211996,0.119113982737383,2.52491992375977,3
"99","win7_office_close+win7_entertainment_close+win7_cultural_close",0.29817534797355,0.119677178836015,2.49149713315116,3
"100","win7_school_close+win7_office_close+win7_entertainment_close+win7_cultural_close",0.430746484361839,0.13294839380531,3.23995252618565,4
"101","win7_shop_close+win7_entertainment_close+win7_cultural_close",-0.0582587646914203,0.102902842550287,-0.566153113437561,3
"102","win7_school_close+win7_shop_close+win7_entertainment_close+win7_cultural_close",0.0743123716968689,0.11796535041798,0.629950840933901,4
"103","win7_office_close+win7_shop_close+win7_entertainment_close+win7_cultural_close",0.0717344514584224,0.0947194236139853,0.757336232859327,4
"104","win7_school_close+win7_office_close+win7_shop_close+win7_entertainment_close+win7_cultural_close",0.204305587846712,0.110673238908582,1.8460251986975,5
"105","win7_restaurant_close+win7_entertainment_close+win7_cultural_close",0.170844580116887,0.1341640490676,1.27340059653988,3
"106","win7_school_close+win7_restaurant_close+win7_entertainment_close+win7_cultural_close",0.303415716505177,0.151843960121202,1.99820734563949,4
"107","win7_office_close+win7_restaurant_close+win7_entertainment_close+win7_cultural_close",0.30083779626673,0.142525001112034,2.11077210257484,4
"108","win7_school_close+win7_office_close+win7_restaurant_close+win7_entertainment_close+win7_cultural_close",0.433408932655019,0.159122405121039,2.72374548590653,5
"109","win7_shop_close+win7_restaurant_close+win7_entertainment_close+win7_cultural_close",-0.0555963163982399,0.125512842988926,-0.442953207610357,4
"110","win7_school_close+win7_shop_close+win7_restaurant_close+win7_entertainment_close+win7_cultural_close",0.0769748199900492,0.143993813192529,0.534570328289933,5
"111","win7_office_close+win7_shop_close+win7_restaurant_close+win7_entertainment_close+win7_cultural_close",0.0743968997516028,0.113633027832421,0.654711936931917,5
"112","win7_school_close+win7_office_close+win7_shop_close+win7_restaurant_close+win7_entertainment_close+win7_cultural_close",0.206968036139892,0.133578356043817,1.54941296082429,6
"113","win7_bar_close+win7_entertainment_close+win7_cultural_close",0.454535906981997,0.0994482621686655,4.57057667042083,3
"114","win7_school_close+win7_bar_close+win7_entertainment_close+win7_cultural_close",0.587107043370287,0.106885787833372,5.49284479509611,4
"115","win7_office_close+win7_bar_close+win7_entertainment_close+win7_cultural_close",0.58452912313184,0.123921999371149,4.71691165489644,4
"116","win7_school_close+win7_office_close+win7_bar_close+win7_entertainment_close+win7_cultural_close",0.717100259520129,0.129773820268107,5.52576982043552,5
"117","win7_shop_close+win7_bar_close+win7_entertainment_close+win7_cultural_close",0.22809501046687,0.0950509716181342,2.39971256036433,4
"118","win7_school_close+win7_shop_close+win7_bar_close+win7_entertainment_close+win7_cultural_close",0.360666146855159,0.102437543495686,3.52083947493672,5
"119","win7_office_close+win7_shop_close+win7_bar_close+win7_entertainment_close+win7_cultural_close",0.358088226616713,0.0966798824200558,3.70385459366704,5
"120","win7_school_close+win7_office_close+win7_shop_close+win7_bar_close+win7_entertainment_close+win7_cultural_close",0.490659363005002,0.103709837928125,4.73107829312247,6
"121","win7_restaurant_close+win7_bar_close+win7_entertainment_close+win7_cultural_close",0.457198355275178,0.101635590067913,4.49840803767338,4
"122","win7_school_close+win7_restaurant_close+win7_bar_close+win7_entertainment_close+win7_cultural_close",0.589769491663467,0.116268325648477,5.07248632311574,5
"123","win7_office_close+win7_restaurant_close+win7_bar_close+win7_entertainment_close+win7_cultural_close",0.587191571425021,0.120717502055803,4.86417927330524,5
"124","win7_school_close+win7_office_close+win7_restaurant_close+win7_bar_close+win7_entertainment_close+win7_cultural_close",0.71976270781331,0.133083482783113,5.4083549119789,6
"125","win7_shop_close+win7_restaurant_close+win7_bar_close+win7_entertainment_close+win7_cultural_close",0.23075745876005,0.086165367302629,2.67807665636226,5
"126","win7_school_close+win7_shop_close+win7_restaurant_close+win7_bar_close+win7_entertainment_close+win7_cultural_close",0.36332859514834,0.102650617253529,3.53946819677645,6
"127","win7_office_close+win7_shop_close+win7_restaurant_close+win7_bar_close+win7_entertainment_close+win7_cultural_close",0.360750674909893,0.0807031600122698,4.47009354844403,6
"128","win7_school_close+win7_office_close+win7_shop_close+win7_restaurant_close+win7_bar_close+win7_entertainment_close+win7_cultural_close",0.493321811298182,0.097855232065243,5.04134322597355,7
"129","win7_sports_outdoor_close",-0.0860422047997151,0.0460535212443966,-1.86830892567599,1
"130","win7_school_close+win7_sports_outdoor_close",0.046528931588574,0.076266985347729,0.610079595731123,2
"131","win7_office_close+win7_sports_outdoor_close",0.0439510113501276,0.0606236810447611,0.72498090832981,2
"132","win7_school_close+win7_office_close+win7_sports_outdoor_close",0.176522147738417,0.0855624020518503,2.0630807867157,3
"133","win7_shop_close+win7_sports_outdoor_close",-0.312483101314842,0.0860280460189313,-3.63233986793188,2
"134","win7_school_close+win7_shop_close+win7_sports_outdoor_close",-0.179911964926553,0.104979518270681,-1.71378158225746,3
"135","win7_office_close+win7_shop_close+win7_sports_outdoor_close",-0.182489885165,0.0616501092105547,-2.96009021722474,3
"136","win7_school_close+win7_office_close+win7_shop_close+win7_sports_outdoor_close",-0.0499187487767106,0.0858520717666444,-0.581450718072307,4
"137","win7_restaurant_close+win7_sports_outdoor_close",-0.0833797565065347,0.0997516647623602,-0.835873333093453,2
"138","win7_school_close+win7_restaurant_close+win7_sports_outdoor_close",0.0491913798817544,0.123693316093228,0.397688261867591,3
"139","win7_office_close+win7_restaurant_close+win7_sports_outdoor_close",0.046613459643308,0.101394849778654,0.459722162861978,3
"140","win7_school_close+win7_office_close+win7_restaurant_close+win7_sports_outdoor_close",0.179184596031597,0.124821973591815,1.43552125379427,4
"141","win7_shop_close+win7_restaurant_close+win7_sports_outdoor_close",-0.309820653021662,0.114805224194938,-2.69866336827661,3
"142","win7_school_close+win7_shop_close+win7_restaurant_close+win7_sports_outdoor_close",-0.177249516633373,0.135845609591231,-1.30478649377576,4
"143","win7_office_close+win7_shop_close+win7_restaurant_close+win7_sports_outdoor_close",-0.179827436871819,0.0914131709364273,-1.96719395060564,4
"144","win7_school_close+win7_office_close+win7_shop_close+win7_restaurant_close+win7_sports_outdoor_close",-0.0472563004835302,0.116533796256102,-0.405515841770717,5
"145","win7_bar_close+win7_sports_outdoor_close",0.200311570358575,0.0854005028847943,2.34555492757222,2
"146","win7_school_close+win7_bar_close+win7_sports_outdoor_close",0.332882706746864,0.095503436302418,3.4855573750537,3
"147","win7_office_close+win7_bar_close+win7_sports_outdoor_close",0.330304786508418,0.103812754667973,3.18173607438548,3
"148","win7_school_close+win7_office_close+win7_bar_close+win7_sports_outdoor_close",0.462875922896707,0.112047829924501,4.13105656047599,4
"149","win7_shop_close+win7_bar_close+win7_sports_outdoor_close",-0.0261293261565521,0.109152826059602,-0.239382955987639,3
"150","win7_school_close+win7_shop_close+win7_bar_close+win7_sports_outdoor_close",0.106441810231737,0.116902301982802,0.910519368963294,4
"151","win7_office_close+win7_shop_close+win7_bar_close+win7_sports_outdoor_close",0.103863889993291,0.101211604843535,1.02620534625309,4
"152","win7_school_close+win7_office_close+win7_shop_close+win7_bar_close+win7_sports_outdoor_close",0.23643502638158,0.109295770428353,2.16325870118251,5
"153","win7_restaurant_close+win7_bar_close+win7_sports_outdoor_close",0.202974018651756,0.0913674901890271,2.22151246829512,3
"154","win7_school_close+win7_restaurant_close+win7_bar_close+win7_sports_outdoor_close",0.335545155040045,0.10876393843683,3.08507727710622,4
"155","win7_office_close+win7_restaurant_close+win7_bar_close+win7_sports_outdoor_close",0.332967234801598,0.102995521536538,3.23283216429441,4
"156","win7_school_close+win7_office_close+win7_restaurant_close+win7_bar_close+win7_sports_outdoor_close",0.465538371189888,0.118488907514058,3.92896162988635,5
"157","win7_shop_close+win7_restaurant_close+win7_bar_close+win7_sports_outdoor_close",-0.0234668778633717,0.104494300342288,-0.224575673376463,4
"158","win7_school_close+win7_shop_close+win7_restaurant_close+win7_bar_close+win7_sports_outdoor_close",0.109104258524917,0.119686186188545,0.911586056832342,5
"159","win7_office_close+win7_shop_close+win7_restaurant_close+win7_bar_close+win7_sports_outdoor_close",0.106526338286471,0.0895808315243555,1.18916442807866,5
"160","win7_school_close+win7_office_close+win7_shop_close+win7_restaurant_close+win7_bar_close+win7_sports_outdoor_close",0.23909747467476,0.106679039381561,2.24127884972394,6
"161","win7_entertainment_close+win7_sports_outdoor_close",-0.0220470982073229,0.0962506121986388,-0.229059303662639,2
"162","win7_school_close+win7_entertainment_close+win7_sports_outdoor_close",0.110524038180966,0.112000621003794,0.986816297895549,3
"163","win7_office_close+win7_entertainment_close+win7_sports_outdoor_close",0.10794611794252,0.0927982785967597,1.16323405535983,3
"164","win7_school_close+win7_office_close+win7_entertainment_close+win7_sports_outdoor_close",0.240517254330809,0.108818412842623,2.21026247349017,4
"165","win7_shop_close+win7_entertainment_close+win7_sports_outdoor_close",-0.24848799472245,0.127538439465245,-1.9483380521538,3
"166","win7_school_close+win7_shop_close+win7_entertainment_close+win7_sports_outdoor_close",-0.115916858334161,0.13953551740449,-0.830733712035035,4
"167","win7_office_close+win7_shop_close+win7_entertainment_close+win7_sports_outdoor_close",-0.118494778572608,0.102269257758957,-1.15865491907542,4
"168","win7_school_close+win7_office_close+win7_shop_close+win7_entertainment_close+win7_sports_outdoor_close",0.0140763578156816,0.116675086737143,0.120645788311211,5
"169","win7_restaurant_close+win7_entertainment_close+win7_sports_outdoor_close",-0.0193846499141426,0.147067450444093,-0.131807887167471,3
"170","win7_school_close+win7_restaurant_close+win7_entertainment_close+win7_sports_outdoor_close",0.113186486474147,0.162980702308594,0.694477842289786,4
"171","win7_office_close+win7_restaurant_close+win7_entertainment_close+win7_sports_outdoor_close",0.1106085662357,0.140543204020683,0.787007575403095,4
"172","win7_school_close+win7_office_close+win7_restaurant_close+win7_entertainment_close+win7_sports_outdoor_close",0.243179702623989,0.156959339472741,1.54931655192281,5
"173","win7_shop_close+win7_restaurant_close+win7_entertainment_close+win7_sports_outdoor_close",-0.24582554642927,0.163035748133663,-1.50780150515047,4
"174","win7_school_close+win7_shop_close+win7_restaurant_close+win7_entertainment_close+win7_sports_outdoor_close",-0.113254410040981,0.177309553701616,-0.638738340245162,5
"175","win7_office_close+win7_shop_close+win7_restaurant_close+win7_entertainment_close+win7_sports_outdoor_close",-0.115832330279427,0.139820670021302,-0.828434953585759,5
"176","win7_school_close+win7_office_close+win7_shop_close+win7_restaurant_close+win7_entertainment_close+win7_sports_outdoor_close",0.016738806108862,0.156069888626897,0.107251989836925,6
"177","win7_bar_close+win7_entertainment_close+win7_sports_outdoor_close",0.264306676950967,0.0878749929469317,3.0077575893586,3
"178","win7_school_close+win7_bar_close+win7_entertainment_close+win7_sports_outdoor_close",0.396877813339257,0.0955714777515636,4.15268051385512,4
"179","win7_office_close+win7_bar_close+win7_entertainment_close+win7_sports_outdoor_close",0.39429989310081,0.0948624941781549,4.15654149215497,4
"180","win7_school_close+win7_office_close+win7_bar_close+win7_entertainment_close+win7_sports_outdoor_close",0.526871029489099,0.101787786508685,5.17617140091894,5
"181","win7_shop_close+win7_bar_close+win7_entertainment_close+win7_sports_outdoor_close",0.0378657804358401,0.11859630364828,0.31928297317038,4
"182","win7_school_close+win7_shop_close+win7_bar_close+win7_entertainment_close+win7_sports_outdoor_close",0.170436916824129,0.124101267248629,1.37336967303218,5
"183","win7_office_close+win7_shop_close+win7_bar_close+win7_entertainment_close+win7_sports_outdoor_close",0.167858996585683,0.100933488172863,1.6630654466058,5
"184","win7_school_close+win7_office_close+win7_shop_close+win7_bar_close+win7_entertainment_close+win7_sports_outdoor_close",0.300430132973972,0.10711478905765,2.80474933122707,6
"185","win7_restaurant_close+win7_bar_close+win7_entertainment_close+win7_sports_outdoor_close",0.266969125244148,0.11537752633658,2.31387457957232,4
"186","win7_school_close+win7_restaurant_close+win7_bar_close+win7_entertainment_close+win7_sports_outdoor_close",0.399540261632437,0.127975709202946,3.1220007618699,5
"187","win7_office_close+win7_restaurant_close+win7_bar_close+win7_entertainment_close+win7_sports_outdoor_close",0.396962341393991,0.115607391866567,3.43371072545397,5
"188","win7_school_close+win7_office_close+win7_restaurant_close+win7_bar_close+win7_entertainment_close+win7_sports_outdoor_close",0.52953347778228,0.127987676450046,4.13737863261358,6
"189","win7_shop_close+win7_restaurant_close+win7_bar_close+win7_entertainment_close+win7_sports_outdoor_close",0.0405282287290204,0.132683794918296,0.305449725446706,5
"190","win7_school_close+win7_shop_close+win7_restaurant_close+win7_bar_close+win7_entertainment_close+win7_sports_outdoor_close",0.17309936511731,0.143509394521248,1.206188387142,6
"191","win7_office_close+win7_shop_close+win7_restaurant_close+win7_bar_close+win7_entertainment_close+win7_sports_outdoor_close",0.170521444878863,0.111819910051794,1.52496496196321,6
"192","win7_school_close+win7_office_close+win7_shop_close+win7_restaurant_close+win7_bar_close+win7_entertainment_close+win7_sports_outdoor_close",0.303092581267152,0.124272349588994,2.4389382052369,7
"193","win7_cultural_close+win7_sports_outdoor_close",0.0181448204315998,0.10141528241749,0.178916037100841,2
"194","win7_school_close+win7_cultural_close+win7_sports_outdoor_close",0.150715956819889,0.119058511937746,1.26589820725037,3
"195","win7_office_close+win7_cultural_close+win7_sports_outdoor_close",0.148138036581442,0.120823188029011,1.22607290039287,3
"196","win7_school_close+win7_office_close+win7_cultural_close+win7_sports_outdoor_close",0.280709172969732,0.135786892699361,2.06727738877739,4
"197","win7_shop_close+win7_cultural_close+win7_sports_outdoor_close",-0.208296076083528,0.0934127684952097,-2.22984587052689,3
"198","win7_school_close+win7_shop_close+win7_cultural_close+win7_sports_outdoor_close",-0.0757249396952384,0.111981977989483,-0.676224344799037,4
"199","win7_office_close+win7_shop_close+win7_cultural_close+win7_sports_outdoor_close",-0.0783028599336849,0.0887960356944122,-0.88182833075072,4
"200","win7_school_close+win7_office_close+win7_shop_close+win7_cultural_close+win7_sports_outdoor_close",0.0542682764546043,0.107929244127732,0.502813457957499,5
"201","win7_restaurant_close+win7_cultural_close+win7_sports_outdoor_close",0.0208072687247801,0.123890378719502,0.16794902832519,3
"202","win7_school_close+win7_restaurant_close+win7_cultural_close+win7_sports_outdoor_close",0.153378405113069,0.144542766282257,1.06112819795879,4
"203","win7_office_close+win7_restaurant_close+win7_cultural_close+win7_sports_outdoor_close",0.150800484874623,0.135787430387723,1.11056291767237,4
"204","win7_school_close+win7_office_close+win7_restaurant_close+win7_cultural_close+win7_sports_outdoor_close",0.283371621262912,0.154699642220043,1.83175356578943,5
"205","win7_shop_close+win7_restaurant_close+win7_cultural_close+win7_sports_outdoor_close",-0.205633627790347,0.108349705796289,-1.8978697383541,4
"206","win7_school_close+win7_shop_close+win7_restaurant_close+win7_cultural_close+win7_sports_outdoor_close",-0.0730624914020581,0.131177713087606,-0.556973358372729,5
"207","win7_office_close+win7_shop_close+win7_restaurant_close+win7_cultural_close+win7_sports_outdoor_close",-0.0756404116405045,0.0983598822569988,-0.769016899012425,5
"208","win7_school_close+win7_office_close+win7_shop_close+win7_restaurant_close+win7_cultural_close+win7_sports_outdoor_close",0.0569307247477847,0.122851812395281,0.46340972622046,6
"209","win7_bar_close+win7_cultural_close+win7_sports_outdoor_close",0.30449859558989,0.126703221501789,2.40324272722293,3
"210","win7_school_close+win7_bar_close+win7_cultural_close+win7_sports_outdoor_close",0.437069731978179,0.134445194460473,3.25091375509654,4
"211","win7_office_close+win7_bar_close+win7_cultural_close+win7_sports_outdoor_close",0.434491811739733,0.149319884312084,2.90980544045714,4
"212","win7_school_close+win7_office_close+win7_bar_close+win7_cultural_close+win7_sports_outdoor_close",0.567062948128022,0.1557825392398,3.64009311245805,5
"213","win7_shop_close+win7_bar_close+win7_cultural_close+win7_sports_outdoor_close",0.0780576990747628,0.117625625652094,0.663611340148251,4
"214","win7_school_close+win7_shop_close+win7_bar_close+win7_cultural_close+win7_sports_outdoor_close",0.210628835463052,0.125625395936155,1.67664216214767,5
"215","win7_office_close+win7_shop_close+win7_bar_close+win7_cultural_close+win7_sports_outdoor_close",0.208050915224606,0.122164302075191,1.70304181901316,5
"216","win7_school_close+win7_office_close+win7_shop_close+win7_bar_close+win7_cultural_close+win7_sports_outdoor_close",0.340622051612895,0.129692084191867,2.62639045193364,6
"217","win7_restaurant_close+win7_bar_close+win7_cultural_close+win7_sports_outdoor_close",0.307161043883071,0.119761334899816,2.56477638747114,4
"218","win7_school_close+win7_restaurant_close+win7_bar_close+win7_cultural_close+win7_sports_outdoor_close",0.43973218027136,0.134232994825501,3.27588742874282,5
"219","win7_office_close+win7_restaurant_close+win7_bar_close+win7_cultural_close+win7_sports_outdoor_close",0.437154260032913,0.139146383005068,3.14168611926471,5
"220","win7_school_close+win7_office_close+win7_restaurant_close+win7_bar_close+win7_cultural_close+win7_sports_outdoor_close",0.569725396421202,0.151615972683201,3.75768717727144,6
"221","win7_shop_close+win7_restaurant_close+win7_bar_close+win7_cultural_close+win7_sports_outdoor_close",0.0807201473679431,0.100373332139874,0.804199139821889,5
"222","win7_school_close+win7_shop_close+win7_restaurant_close+win7_bar_close+win7_cultural_close+win7_sports_outdoor_close",0.213291283756232,0.116938760414094,1.82395711226067,6
"223","win7_office_close+win7_shop_close+win7_restaurant_close+win7_bar_close+win7_cultural_close+win7_sports_outdoor_close",0.210713363517786,0.0996962975776822,2.11355254545537,6
"224","win7_school_close+win7_office_close+win7_shop_close+win7_restaurant_close+win7_bar_close+win7_cultural_close+win7_sports_outdoor_close",0.343284499906075,0.116142960783097,2.95570646375354,7
"225","win7_entertainment_close+win7_cultural_close+win7_sports_outdoor_close",0.082139927023992,0.0970492989739592,0.846373213329776,3
"226","win7_school_close+win7_entertainment_close+win7_cultural_close+win7_sports_outdoor_close",0.214711063412281,0.113545888124354,1.89096291340056,4
"227","win7_office_close+win7_entertainment_close+win7_cultural_close+win7_sports_outdoor_close",0.212133143173835,0.107353555909954,1.97602344305918,4
"228","win7_school_close+win7_office_close+win7_entertainment_close+win7_cultural_close+win7_sports_outdoor_close",0.344704279562124,0.122265514154916,2.81930912362883,5
"229","win7_shop_close+win7_entertainment_close+win7_cultural_close+win7_sports_outdoor_close",-0.144300969491135,0.097884766696597,-1.47419230142735,4
"230","win7_school_close+win7_shop_close+win7_entertainment_close+win7_cultural_close+win7_sports_outdoor_close",-0.0117298331028462,0.113928390444808,-0.10295794627704,5
"231","win7_office_close+win7_shop_close+win7_entertainment_close+win7_cultural_close+win7_sports_outdoor_close",-0.0143077533412927,0.0808285498190531,-0.177013609341288,5
"232","win7_school_close+win7_office_close+win7_shop_close+win7_entertainment_close+win7_cultural_close+win7_sports_outdoor_close",0.118263383046996,0.099405597278984,1.18970547216861,6
"233","win7_restaurant_close+win7_entertainment_close+win7_cultural_close+win7_sports_outdoor_close",0.0848023753171723,0.137904023474437,0.614937644171725,4
"234","win7_school_close+win7_restaurant_close+win7_entertainment_close+win7_cultural_close+win7_sports_outdoor_close",0.217373511705461,0.155388344341857,1.39890487041445,5
"235","win7_office_close+win7_restaurant_close+win7_entertainment_close+win7_cultural_close+win7_sports_outdoor_close",0.214795591467015,0.141067204835062,1.52264724971447,5
"236","win7_school_close+win7_office_close+win7_restaurant_close+win7_entertainment_close+win7_cultural_close+win7_sports_outdoor_close",0.347366727855304,0.158044113630613,2.19790993714062,6
"237","win7_shop_close+win7_restaurant_close+win7_entertainment_close+win7_cultural_close+win7_sports_outdoor_close",-0.141638521197955,0.130882878204556,-1.08217761666724,5
"238","win7_school_close+win7_shop_close+win7_restaurant_close+win7_entertainment_close+win7_cultural_close+win7_sports_outdoor_close",-0.00906738480966587,0.148937886360256,-0.0608803107876352,6
"239","win7_office_close+win7_shop_close+win7_restaurant_close+win7_entertainment_close+win7_cultural_close+win7_sports_outdoor_close",-0.0116453050481123,0.113394760796419,-0.102697029089549,6
"240","win7_school_close+win7_office_close+win7_shop_close+win7_restaurant_close+win7_entertainment_close+win7_cultural_close+win7_sports_outdoor_close",0.120925831340177,0.133643202853239,0.904840865516912,7
"241","win7_bar_close+win7_entertainment_close+win7_cultural_close+win7_sports_outdoor_close",0.368493702182282,0.0920474237841129,4.00330272193759,4
"242","win7_school_close+win7_bar_close+win7_entertainment_close+win7_cultural_close+win7_sports_outdoor_close",0.501064838570571,0.100393051161298,4.9910310800847,5
"243","win7_office_close+win7_bar_close+win7_entertainment_close+win7_cultural_close+win7_sports_outdoor_close",0.498486918332125,0.111841343048244,4.45708988059181,5
"244","win7_school_close+win7_office_close+win7_bar_close+win7_entertainment_close+win7_cultural_close+win7_sports_outdoor_close",0.631058054720414,0.118593803453051,5.3211722395786,6
"245","win7_shop_close+win7_bar_close+win7_entertainment_close+win7_cultural_close+win7_sports_outdoor_close",0.142052805667155,0.0893128490543052,1.59050805311095,5
"246","win7_school_close+win7_shop_close+win7_bar_close+win7_entertainment_close+win7_cultural_close+win7_sports_outdoor_close",0.274623942055444,0.0975036913243094,2.81654918214338,6
"247","win7_office_close+win7_shop_close+win7_bar_close+win7_entertainment_close+win7_cultural_close+win7_sports_outdoor_close",0.272046021816998,0.0828139491581528,3.28502655147458,6
"248","win7_school_close+win7_office_close+win7_shop_close+win7_bar_close+win7_entertainment_close+win7_cultural_close+win7_sports_outdoor_close",0.404617158205287,0.0913143071883106,4.43103792454862,7
"249","win7_restaurant_close+win7_bar_close+win7_entertainment_close+win7_cultural_close+win7_sports_outdoor_close",0.371156150475463,0.106287280758354,3.49200908920883,5
"250","win7_school_close+win7_restaurant_close+win7_bar_close+win7_entertainment_close+win7_cultural_close+win7_sports_outdoor_close",0.503727286863752,0.120652136887179,4.17503825344416,6
"251","win7_office_close+win7_restaurant_close+win7_bar_close+win7_entertainment_close+win7_cultural_close+win7_sports_outdoor_close",0.501149366625305,0.118781147051679,4.21909856121583,6
"252","win7_school_close+win7_office_close+win7_restaurant_close+win7_bar_close+win7_entertainment_close+win7_cultural_close+win7_sports_outdoor_close",0.633720503013595,0.131601218405427,4.81546075858718,7
"253","win7_shop_close+win7_restaurant_close+win7_bar_close+win7_entertainment_close+win7_cultural_close+win7_sports_outdoor_close",0.144715253960335,0.0935467253765226,1.54698364242961,6
"254","win7_school_close+win7_shop_close+win7_restaurant_close+win7_bar_close+win7_entertainment_close+win7_cultural_close+win7_sports_outdoor_close",0.277286390348625,0.109247838571727,2.53814074469375,7
"255","win7_office_close+win7_shop_close+win7_restaurant_close+win7_bar_close+win7_entertainment_close+win7_cultural_close+win7_sports_outdoor_close",0.274708470110178,0.080053557397577,3.43155855955119,7
"256","win7_school_close+win7_office_close+win7_shop_close+win7_restaurant_close+win7_bar_close+win7_entertainment_close+win7_cultural_close+win7_sports_outdoor_close",0.407279606498467,0.0976864379654287,4.16925435076877,8
